"ci.c.Drug","ci.c.ES.Distance","ci.c.Cluster","ci.c.RPS"
"arecoline",0.877697392249185,67,-1
"cyclobenzaprine",0.879322709163347,98,-1
"norcyclobenzaprine",0.879950199203187,93,-1
"methapyrilene",0.88208982252807,57,1
"cloperastine",0.882138717855849,98,1
"rifabutin",0.882681999275625,84,1
"dihydroergocristine",0.883259688518653,98,-1
"citalopram",0.885212785222745,9,-1
"5707885",0.885943498732343,53,-1
"paracetamol",0.886675117710974,80,-1
