"advanced.mild.Drug","advanced.mild.ES.Distance","advanced.mild.Cluster","advanced.mild.RPS"
"azapropazone",0.866815465411083,85,-1
"5707885",0.87103132922854,53,-1
"deptropine",0.873180007243752,90,1
"vidarabine",0.873489677653024,4,1
"6-azathymine",0.878928830134009,87,1
"triprolidine",0.879118978630931,48,1
"pyrazinamide",0.879497464686708,29,1
"meptazinol",0.881339188699746,98,1
"sodium_phenylbutyrate",0.882661173487867,84,1
"nilutamide",0.884535494386092,15,1
