"cirrhosis.Normal.Drug","cirrhosis.Normal.ES.Distance","cirrhosis.Normal.Cluster","cirrhosis.Normal.RPS"
"trapidil",0.863333561206818,52,-1
"biperiden",0.866066447908121,28,-1
"pronetalol",0.866117491568681,80,1
"6-benzylaminopurine",0.867539649986328,63,1
"pyrazinamide",0.868595159967186,29,1
"tyrphostin_AG-1478",0.86883397137909,99,-1
"paclitaxel",0.869678698386656,42,-1
"nimesulide",0.870443213927627,73,1
"amylocaine",0.87118471424665,35,-1
"ioversol",0.871991158508796,90,1
